Ticker,Company,Share/ Par,% TNA,Class of shares,CUSIP,Coupon/ Div yield,Maturity date,Next call date,S&P/Moody’s rating,Market value
"--","--","313,840.90","3.90%","Currency Forward","--","0.00%","01/28/2026","--","NR/NR","$313,840.90"
"ILIADH","Iliad Holding SAS","200,000.00","2.73%","Corporate Bond","449691AF1","8.50%","04/15/2031","04/15/2027","B+/B2","$215,238.88"
"STCITY","Studio City Finance Ltd","200,000.00","2.40%","Corporate Bond","86389QAG7","5.00%","01/15/2029","02/17/2026","B+/B1","$193,194.77"
"SUNN","Sunrise FinCo I BV","100,000.00","1.46%","Corporate Bond","YO7478713","4.63%","05/15/2032","05/15/2028","BB-/B1","$117,583.02"
"--","--","116,770.54","1.45%","Currency Forward","--","0.00%","01/28/2026","--","NR/NR","$116,770.54"
"IONPLA","ION Platform Finance SARL","100,000.00","1.42%","Corporate Bond","YK3683686","6.88%","09/30/2032","09/30/2028","B+/B2","$112,164.02"
"CMACG","CMA CGM SA","100,000.00","1.41%","Corporate Bond","YK5572341","4.88%","01/15/2032","10/15/2027","BB+/Ba1","$112,000.47"
"VMED","Vmed O2 UK Financing I PLC","100,000.00","1.39%","Corporate Bond","ZO3886249","3.25%","01/31/2031","01/31/2026","B+/Ba3","$111,439.21"
"--","--","104,817.73","1.30%","Currency Forward","--","0.00%","01/28/2026","--","NR/NR","$104,817.73"
"MPEL","Melco Resorts Finance Ltd","100,000.00","1.27%","Corporate Bond","58547DAJ8","6.50%","09/24/2033","09/24/2028","BB-/Ba3","$100,123.37"
"--","--","87,000.00","1.25%","Currency Forward","--","0.00%","01/28/2026","--","NR/NR","$100,935.14"
"VOD","Vodafone Group PLC","101,000.00","1.19%","Floating Rate Note","92857WBW9","4.13%","06/04/2081","03/04/2031","BB+/Ba1","$94,994.93"
"VST","Vistra Corp","84,000.00","1.15%","Floating Rate Note","92840MAD4","8.88%","12/31/2059","01/15/2029","B/Ba3","$92,360.60"
"GGAMFI","GGAM Finance Ltd","87,000.00","1.14%","Corporate Bond","36170JAD8","6.88%","04/15/2029","04/15/2026","BB/NA","$90,356.46"
"TDG","TransDigm Inc","87,000.00","1.14%","Corporate Bond","893647BU0","6.38%","03/01/2029","03/01/2026","BB-/Ba3","$89,716.05"
"NGDCN","New Gold Inc","83,000.00","1.12%","Corporate Bond","644535AJ5","6.88%","04/01/2032","04/01/2028","BB-/B3","$88,050.88"
"ALSN","Allison Transmission Inc","85,000.00","1.02%","Corporate Bond","019736AG2","3.75%","01/30/2031","01/30/2026","NR/Ba2","$80,220.19"
"NPO","Enpro Inc","78,000.00","1.01%","Corporate Bond","29355XAH0","6.13%","06/01/2033","06/01/2028","BB-/Ba3","$80,766.19"
"HLT","Hilton Domestic Operating Co Inc","77,000.00","1.00%","Corporate Bond","432833AR2","5.88%","03/15/2033","03/15/2028","BB+/Ba2","$79,290.75"
"EZPW","EZCORP Inc","74,000.00","1.00%","Corporate Bond","302301AJ5","7.38%","04/01/2032","04/01/2028","BB-/Ba1","$78,936.47"
"AYR","Aircastle Ltd","78,000.00","0.99%","Floating Rate Note","00928QAW1","5.25%","12/31/2099","06/15/2026","BB+/Ba1","$77,964.87"
"BCO","Brink's Co/The","75,000.00","0.98%","Corporate Bond","109696AD6","6.75%","06/15/2032","06/15/2027","BB/Ba3","$78,601.28"
"ALIANT","Alliant Holdings Intermediate LLC / Alliant Holdings Co-Issuer","66,000.00","0.86%","Corporate Bond","01883LAF0","7.00%","01/15/2031","01/15/2027","B/B2","$69,036.79"
"CSV","Carriage Services Inc","68,000.00","0.82%","Corporate Bond","143905AP2","4.25%","05/15/2029","02/15/2026","B+/B3","$65,499.82"
"EMECLI","EMRLD Borrower LP / Emerald Co-Issuer Inc","61,000.00","0.79%","Corporate Bond","29103CAA6","6.63%","12/15/2030","06/15/2026","BB-/B2","$63,377.05"
"RBACN","RB Global Holdings Inc","60,000.00","0.78%","Corporate Bond","76774LAB3","6.75%","03/15/2028","01/26/2026","BBB-/Ba1","$61,266.06"
"NSANY","Nissan Motor Acceptance Co LLC","59,000.00","0.78%","Corporate Bond","65480CAF2","7.05%","09/15/2028","08/15/2028","NR/Ba2","$61,103.62"
"NRG","NRG Energy Inc","60,000.00","0.77%","Corporate Bond","629377DD1","6.00%","01/15/2036","10/15/2030","BB/Ba2","$60,643.44"
"VENLNG","Venture Global LNG Inc","56,000.00","0.76%","Corporate Bond","92332YAD3","9.88%","02/01/2032","02/01/2027","BB/B1","$58,971.18"
"PROFUN","Provident Funding Associates LP / PFG Finance Corp","56,000.00","0.76%","Corporate Bond","74387UAK7","9.75%","09/15/2029","09/15/2026","NR/B3","$59,385.65"
"HE","Hawaiian Electric Co Inc","59,000.00","0.76%","Corporate Bond","419866AV0","6.00%","10/01/2033","10/01/2028","BB/Ba2","$59,844.23"
"VIKCRU","Viking Cruises Ltd","59,000.00","0.76%","Corporate Bond","92676XAH0","5.88%","10/15/2033","10/15/2028","BB/Ba3","$59,959.40"
"ACRISU","Acrisure LLC / Acrisure Finance Inc","57,000.00","0.75%","Corporate Bond","00489LAL7","7.50%","11/06/2030","05/15/2026","B/B2","$59,509.14"
"KTGLLC","Caturus Energy LLC","56,000.00","0.75%","Corporate Bond","49446BAA2","8.50%","02/15/2030","02/15/2027","B-/B3","$58,190.61"
"GALCLD","Global Aircraft Leasing Co Ltd","56,000.00","0.75%","Corporate Bond","37960JAC2","8.75%","09/01/2027","03/01/2026","NR/Ba1","$58,180.36"
"AL","Air Lease Corp","60,000.00","0.75%","Floating Rate Note","00912XBJ2","4.65%","12/31/2099","06/15/2026","BB+/NR","$59,785.07"
"FCFS","FirstCash Inc","56,000.00","0.75%","Corporate Bond","33767DAD7","6.88%","03/01/2032","03/01/2027","BB/Ba2","$58,509.81"
"THC","Tenet Healthcare Corp","57,000.00","0.75%","Corporate Bond","88033GDU1","6.75%","05/15/2031","05/15/2026","BB/Ba3","$59,294.03"
"BIP","Brookfield Infrastructure Finance ULC","58,000.00","0.74%","Floating Rate Note","11276BAA7","6.75%","03/15/2055","12/15/2029","BBB-/NR","$58,537.25"
"ESAB","Esab Corp","57,000.00","0.74%","Corporate Bond","29605JAA4","6.25%","04/15/2029","04/15/2026","BB+/Ba1","$58,852.27"
"RBC","Roller Bearing Co of America Inc","60,000.00","0.74%","Corporate Bond","775631AD6","4.38%","10/15/2029","02/15/2026","BB/Ba3","$59,091.70"
"AAL","American Airlines Inc/AAdvantage Loyalty IP Ltd","58,000.00","0.74%","Corporate Bond","00253XAB7","5.75%","04/20/2029","--","BB-/Ba1","$58,891.69"
"CLVTSC","Clarivate Science Holdings Corp","63,000.00","0.73%","Corporate Bond","18064PAD1","4.88%","07/01/2029","01/26/2026","B/Caa1","$58,788.55"
"HBGCN","HUB International Ltd","55,000.00","0.72%","Corporate Bond","44332PAH4","7.25%","06/15/2030","06/15/2026","B+/B1","$57,558.93"
"JANEST","Jane Street Group / JSG Finance Inc","53,000.00","0.70%","Corporate Bond","47077WAE8","6.75%","05/01/2033","05/01/2028","BB/Ba1","$55,263.79"
"CHTR","CCO Holdings LLC / CCO Holdings Capital Corp","60,000.00","0.69%","Corporate Bond","1248EPCQ4","4.75%","02/01/2032","02/01/2027","BB-/B1","$53,968.42"
"POWSOL","Clarios Global LP / Clarios US Finance Co","51,000.00","0.68%","Corporate Bond","18060TAD7","6.75%","02/15/2030","02/15/2027","BB-/B2","$53,518.13"
"DHC","Diversified Healthcare Trust","50,000.00","0.66%","Corporate Bond","25525PAE7","7.25%","10/15/2030","10/15/2027","B+/B3","$51,600"
"IRM","Iron Mountain Information Management Services Inc","54,000.00","0.65%","Corporate Bond","46285MAA8","5.00%","07/15/2032","07/15/2027","BB-/Ba3","$51,894.35"
"AY","California Buyer Ltd / Atlantica Sustainable Infrastructure PLC","50,000.00","0.64%","Corporate Bond","13005HAA8","6.38%","02/15/2032","11/15/2027","B+/NA","$49,943.78"
"VST","Vistra Operations Co LLC","48,000.00","0.61%","Corporate Bond","92840VAF9","5.00%","07/31/2027","01/26/2026","BB+/Ba2","$48,060.34"
"AMNPHA","Amneal Pharmaceuticals LLC","45,000.00","0.61%","Corporate Bond","03168LAA3","6.88%","08/01/2032","08/01/2028","B+/B1","$47,467.30"
"IUGXX","Invesco Premier US Government Money Portfolio","48,766.66","0.61%","Money Market Fund, Taxable","00142W843","--","--","--","NR/NR","$48,766.66"
"IRM","Iron Mountain Inc","49,000.00","0.60%","Corporate Bond","46284VAN1","4.50%","02/15/2031","02/15/2026","BB-/Ba3","$47,082.95"
"HUDAUT","Cougar JV Subsidiary LLC","44,000.00","0.59%","Corporate Bond","22208WAA1","8.00%","05/15/2032","05/15/2027","B+/B2","$47,119.86"
"CVNA","Carvana Co","40,660.00","0.59%","Corporate Bond","146869AM4","9.00%","06/01/2031","08/15/2028","BB-u/B2u","$45,968.81"
"LGF","Starz Capital Holdings 1 Inc","49,000.00","0.59%","Corporate Bond","535939AA0","6.00%","04/15/2030","02/15/2026","NR/NR","$46,550"
"AM","Antero Midstream Partners LP / Antero Midstream Finance Corp","44,000.00","0.58%","Corporate Bond","03690AAK2","6.63%","02/01/2032","02/01/2027","BB+/Ba2","$45,706.67"
"ST","Sensata Technologies Inc","49,000.00","0.58%","Corporate Bond","81728UAB0","3.75%","02/15/2031","02/15/2026","BB+/Ba2","$46,030.48"
"COOP","Nationstar Mortgage Holdings Inc","44,000.00","0.58%","Corporate Bond","63861CAF6","7.13%","02/01/2032","02/01/2027","NR/Ba1","$45,265"
"CWK","Cushman & Wakefield US Borrower LLC","42,000.00","0.58%","Corporate Bond","23166MAC7","8.88%","09/01/2031","09/01/2026","BB-/Ba3","$44,945.33"
"CRK","Comstock Resources Inc","45,000.00","0.57%","Corporate Bond","205768AS3","6.75%","03/01/2029","01/31/2026","B/B3","$44,979.38"
"CHTR","CCO Holdings LLC / CCO Holdings Capital Corp","51,000.00","0.57%","Corporate Bond","1248EPCN1","4.50%","05/01/2032","05/01/2026","BB-/B1","$45,034.96"
"JANEST","Jane Street Group / JSG Finance Inc","44,000.00","0.57%","Corporate Bond","47077WAD0","6.13%","11/01/2032","11/01/2027","BB/Ba1","$44,895.40"
"CHTR","CCO Holdings LLC / CCO Holdings Capital Corp","54,000.00","0.56%","Corporate Bond","1248EPCP6","4.25%","01/15/2034","01/15/2028","BB-/B1","$45,247.11"
"ENDP","Endo Finance Holdings Inc","42,000.00","0.56%","Corporate Bond","29281RAA7","8.50%","04/15/2031","04/15/2027","BB-/B1","$44,258.21"
"CHTR","CCO Holdings LLC / CCO Holdings Capital Corp","52,000.00","0.56%","Corporate Bond","1248EPCL5","4.50%","06/01/2033","06/01/2027","BB-/B1","$44,755.53"
"VEGLPL","Venture Global Plaquemines LNG LLC","43,000.00","0.56%","Corporate Bond","922966AD8","6.75%","01/15/2036","07/15/2035","BB+/Ba2","$44,677.52"
"LVLT","Level 3 Financing Inc","41,667.00","0.55%","Corporate Bond","527298CN1","7.00%","03/31/2034","08/31/2028","B+/B1","$43,054.34"
"GPI","Group 1 Automotive Inc","44,000.00","0.55%","Corporate Bond","398905AN9","4.00%","08/15/2028","01/26/2026","BB+/Ba2","$43,250.51"
"APGRNG","AP Grange Holdings LLC","39,000.00","0.55%","Corporate Bond","00187RAA3","6.50%","03/20/2045","--","NR/NR","$43,280.24"
"MAGLLC","LCM Investments Holdings II LLC","40,000.00","0.54%","Corporate Bond","50190EAC8","8.25%","08/01/2031","08/01/2026","BB-/B2","$42,284.36"
"GRSTAR","Greystar Real Estate Partners LLC","40,000.00","0.54%","Corporate Bond","39807UAD8","7.75%","09/01/2030","09/01/2026","BB/Ba3","$42,265.64"
"RIG","Transocean International Ltd","40,000.00","0.53%","Corporate Bond","893814AA1","7.88%","10/15/2032","10/15/2028","B-/B3","$41,941.72"
"LAD","Lithia Motors Inc","44,000.00","0.53%","Corporate Bond","536797AF0","4.38%","01/15/2031","02/15/2026","BB+/Ba2","$42,379.07"
"GPI","Group 1 Automotive Inc","41,000.00","0.52%","Corporate Bond","398905AQ2","6.38%","01/15/2030","07/15/2026","BB+/Ba2","$42,230.45"
"NWL","Newell Brands Inc","42,000.00","0.52%","Corporate Bond","651229BF2","6.38%","05/15/2030","02/15/2030","B+/B2","$41,694.24"
"ASUCOR","Asurion LLC and Asurion Co-Issuer Inc","40,000.00","0.52%","Corporate Bond","045941AA9","8.00%","12/31/2032","12/31/2028","BB-/Ba3","$41,862.12"
"AXL","American Axle & Manufacturing Inc","40,000.00","0.52%","Corporate Bond","02406PBD1","7.75%","10/15/2033","10/15/2028","B+/B3","$41,211.20"
"NAVI","Navient Corp","40,000.00","0.52%","Corporate Bond","63938CAQ1","7.88%","06/15/2032","09/15/2031","BB-/Ba3","$41,816.92"
"RKT","Rocket Cos Inc","39,000.00","0.52%","Corporate Bond","77311WAA9","6.13%","08/01/2030","08/01/2027","BB/Ba1","$40,339.84"
"NORMID","Northriver Midstream Finance LP","41,000.00","0.52%","Corporate Bond","66679NAB6","6.75%","07/15/2032","07/15/2027","BB-/Ba3","$41,645.55"
"RLJ","RLJ Lodging Trust LP","43,000.00","0.51%","Corporate Bond","74965LAB7","4.00%","09/15/2029","01/26/2026","BB-/Ba3","$40,834.31"
"VENLNG","Venture Global LNG Inc","46,000.00","0.51%","Floating Rate Note","92332YAF8","9.00%","12/31/2099","09/30/2029","B-/B3","$40,037.84"
"ACM","AECOM","39,000.00","0.51%","Corporate Bond","00766TAE0","6.00%","08/01/2033","08/01/2028","BB/Ba2","$40,054.21"
"EXCENE","Excelerate Energy LP","38,000.00","0.51%","Corporate Bond","30069UAA6","8.00%","05/15/2030","05/15/2027","BB+/NR","$40,616.95"
"NSCO","NESCO Holdings II Inc","41,000.00","0.51%","Corporate Bond","64083YAA9","5.50%","04/15/2029","02/15/2026","B/B3","$40,525.81"
"SUMMPL","Summit Midstream Holdings LLC","38,000.00","0.51%","Corporate Bond","86614JAA3","8.63%","10/31/2029","07/31/2026","B+/B3","$39,709.39"
"HASI","HA Sustainable Infrastructure Capital Inc","39,000.00","0.51%","Floating Rate Note","41068XAG5","8.00%","06/01/2056","03/01/2031","BB/Ba1","$40,588.78"
"TGE","Prairie Acquiror LP","38,000.00","0.51%","Corporate Bond","73943NAA4","9.00%","08/01/2029","02/15/2026","B-/B3","$39,478.92"
"GLP","Global Partners LP / GLP Finance Corp","40,000.00","0.51%","Corporate Bond","37954FAL8","7.13%","07/01/2033","07/01/2028","B+/B1","$40,874.10"
"RHP","RHP Hotel Properties LP / RHP Finance Corp","39,000.00","0.51%","Corporate Bond","749571AL9","6.50%","06/15/2033","06/15/2028","BB/Ba3","$40,648.10"
"BBCP","Brundage-Bone Concrete Pumping Holdings Inc","39,000.00","0.51%","Corporate Bond","66981QAB2","7.50%","02/01/2032","02/01/2028","B/B2","$39,466.01"
"VSNT","Versant Media Group Inc","39,000.00","0.51%","Corporate Bond","925283AA1","7.25%","01/30/2031","01/30/2028","BB/Ba2","$40,169.22"
"MTN","Vail Resorts Inc","40,000.00","0.51%","Corporate Bond","91879QAQ2","5.63%","07/15/2030","07/15/2027","BB-/Ba3","$40,718.80"
"TEVA","Teva Pharmaceutical Finance Netherlands III BV","52,000.00","0.51%","Corporate Bond","88167AAF8","4.10%","10/01/2046","--","BB+/Ba1","$40,087.22"
"CIFR","Cipher Compute LLC","39,000.00","0.51%","Corporate Bond","17253NAA5","7.13%","11/15/2030","11/15/2027","BB/Ba3","$40,189.66"
"TNOORD","TrueNoord Capital DAC","37,000.00","0.50%","Corporate Bond","89785GAA6","8.75%","03/01/2030","03/01/2027","B+/NR","$39,354.24"
"TITIM","Telecom Italia Capital SA","38,000.00","0.50%","Corporate Bond","87927VAF5","6.38%","11/15/2033","08/17/2018","BB/Ba2","$39,931.54"
"WHR","Whirlpool Corp","40,000.00","0.50%","Corporate Bond","963320AW6","4.75%","02/26/2029","11/26/2028","BB/Ba1","$39,577.60"
"LVLT","Level 3 Financing Inc","39,000.00","0.50%","Corporate Bond","527298CM3","6.88%","06/30/2033","06/30/2028","B+/B1","$40,166.92"
"WULF","WULF Compute LLC","38,000.00","0.50%","Corporate Bond","982911AA7","7.75%","10/15/2030","10/15/2027","BB/Ba2","$39,545.78"
"WBD","Discovery Communications LLC","41,000.00","0.50%","Corporate Bond","25470DCA5","4.13%","05/15/2029","02/15/2029","BB/Ba2","$39,853.64"
"VOLTAG","VoltaGrid LLC","39,000.00","0.50%","Corporate Bond","92874BAA3","7.38%","11/01/2030","11/01/2027","B+/B3","$39,412.15"
"CE","Celanese US Holdings LLC","37,000.00","0.50%","Corporate Bond","15089QAY0","7.20%","11/15/2033","08/15/2033","BB/Ba2","$39,512.08"
"WD","Walker & Dunlop Inc","38,000.00","0.50%","Corporate Bond","93148PAA0","6.63%","04/01/2033","04/01/2028","BB/Ba2","$39,106.03"
"TDG","TransDigm Inc","38,000.00","0.50%","Corporate Bond","893647BR7","6.75%","08/15/2028","01/26/2026","BB-/Ba3","$38,768.89"
"AETUNI","Aethon United BR LP / Aethon United Finance Corp","37,000.00","0.49%","Corporate Bond","00810GAD6","7.50%","10/01/2029","10/01/2026","B+/B3","$38,947.94"
"SSNC","SS&C Technologies Inc","39,000.00","0.49%","Corporate Bond","78466CAC0","5.50%","09/30/2027","01/31/2026","B+/Ba3","$39,059.71"
"GLDD","Great Lakes Dredge & Dock Corp","40,000.00","0.49%","Corporate Bond","390607AF6","5.25%","06/01/2029","01/26/2026","B/Caa1","$39,325.90"
"EVRI","Voyager Parent LLC","37,000.00","0.49%","Corporate Bond","92921EAA0","9.25%","07/01/2032","07/01/2028","B/B1","$39,273.95"
"NEENST","New Enterprise Stone & Lime Co Inc","39,000.00","0.49%","Corporate Bond","644274AH5","5.25%","07/15/2028","02/15/2026","B+/B2","$39,136.62"
"GEL","Genesis Energy LP / Genesis Energy Finance Corp","37,000.00","0.49%","Corporate Bond","37185LAR3","8.00%","05/15/2033","05/15/2028","B/B3","$38,611.83"
"ENS","EnerSys","39,000.00","0.48%","Corporate Bond","29275YAC6","4.38%","12/15/2027","09/15/2027","BB+/Ba3","$38,681.39"
"TDW","Tidewater Inc","36,000.00","0.48%","Corporate Bond","88642RAE9","9.13%","07/15/2030","07/15/2027","BB-/B3","$38,649.89"
"IRM","Iron Mountain Inc","38,000.00","0.48%","Corporate Bond","46284VAQ4","6.25%","01/15/2033","12/06/2027","BB-/Ba3","$38,497.57"
"VST","Vistra Operations Co LLC","36,000.00","0.48%","Corporate Bond","92840VAR3","6.88%","04/15/2032","04/15/2027","BB+/Ba2","$37,869.50"
"HILCRP","Hilcorp Energy I LP / Hilcorp Finance Co","37,000.00","0.48%","Corporate Bond","431318BC7","8.38%","11/01/2033","11/01/2028","BB+/Ba2","$37,828.13"
"GFLCN","Wrangler Holdco Corp","36,000.00","0.48%","Corporate Bond","37441QAA9","6.63%","04/01/2032","04/01/2027","BB/Ba3","$37,580.18"
"UNIT","Windstream Services LLC","36,000.00","0.47%","Corporate Bond","97382BAB5","7.50%","10/15/2033","10/15/2028","B/B2","$37,359.12"
"OMF","OneMain Finance Corp","35,000.00","0.46%","Corporate Bond","682691AG5","7.13%","11/15/2031","08/15/2027","BB/Ba2","$36,503.64"
"TIBX","Cloud Software Group Inc","34,000.00","0.44%","Corporate Bond","18912UAC6","8.25%","06/30/2032","06/30/2027","B/B1","$35,658.69"
"LAMR","Lamar Media Corp","35,000.00","0.44%","Corporate Bond","513075CA7","5.38%","11/01/2033","11/01/2028","BB/Ba3","$35,063.60"
"CLF","Cleveland-Cliffs Inc","33,000.00","0.43%","Corporate Bond","185899AP6","7.00%","03/15/2032","03/15/2027","B+/Ba3","$34,108.07"
"EOFP","Forvia SE","32,000.00","0.43%","Corporate Bond","31209DAA3","8.00%","06/15/2030","06/15/2027","BB-/B1","$34,229.44"
"AM","Antero Midstream Partners LP / Antero Midstream Finance Corp","33,000.00","0.42%","Corporate Bond","03690AAN6","5.75%","07/01/2034","01/01/2029","BB+/Ba2","$33,386.36"
"VTOL","Bristow Group Inc","33,000.00","0.41%","Corporate Bond","11040GAB9","6.75%","02/01/2033","02/01/2029","BB/Ba3","$33,354.38"
"CNP","CenterPoint Energy Inc","31,000.00","0.40%","Floating Rate Note","15189TBP1","6.70%","05/15/2055","02/15/2030","BBB-/Baa3","$31,869.89"
"SUN","Sunoco LP","31,000.00","0.40%","Corporate Bond","86765KAD1","6.25%","07/01/2033","07/01/2028","BB+/Ba1","$31,848.53"
"BHCCN","1261229 BC Ltd","30,000.00","0.40%","Corporate Bond","68288AAA5","10.00%","04/15/2032","04/15/2028","B/Caa1","$31,091.82"
"PHIN","Phinia Inc","30,000.00","0.39%","Corporate Bond","71880KAB7","6.63%","10/15/2032","10/15/2027","BB/Ba2","$31,253.34"
"COOP","Nationstar Mortgage Holdings Inc","30,000.00","0.39%","Corporate Bond","63861CAG4","6.50%","08/01/2029","08/01/2026","NR/Ba1","$30,600"
"SUN","Sunoco LP","30,000.00","0.38%","Corporate Bond","86765KAG4","5.88%","03/15/2034","09/15/2028","BB+/Ba1","$30,127.83"
"GFLCN","GFL Environmental Holdings US Inc","30,000.00","0.38%","Corporate Bond","36273TAA8","5.50%","02/01/2034","02/01/2029","BB/Ba3","$30,191.01"
"CHHCF","CHC Group LLC","29,000.00","0.36%","Corporate Bond","12550EAA6","11.75%","09/01/2030","09/01/2027","B/B2","$27,202.19"
"DAC","Danaos Corp","27,000.00","0.35%","Corporate Bond","23585WAC8","6.88%","10/15/2032","10/15/2028","BB+/Ba2","$27,962.42"
"TDG","TransDigm Inc","27,000.00","0.35%","Corporate Bond","893647BW6","6.00%","01/15/2033","09/15/2027","BB-/Ba3","$27,615.28"
"CYH","CHS/Community Health Systems Inc","29,000.00","0.33%","Corporate Bond","12543DBK5","4.75%","02/15/2031","02/15/2026","B-/Caa1","$26,219.48"
"OMF","OneMain Finance Corp","25,000.00","0.33%","Corporate Bond","682691AK6","7.13%","09/15/2032","06/15/2028","BB/Ba2","$25,976.88"
"VST","Vistra Corp","24,000.00","0.31%","Floating Rate Note","92840MAB8","8.00%","12/31/2049","10/15/2026","BB/Ba3","$24,490.94"
"ENS","EnerSys","24,000.00","0.31%","Corporate Bond","29275YAF9","6.63%","01/15/2032","01/15/2027","BB+/Ba3","$24,907.37"
"UVN","Univision Communications Inc","23,000.00","0.31%","Corporate Bond","914906AY8","8.00%","08/15/2028","02/15/2026","B+/B2","$23,831.45"
"TIBX","Cloud Software Group Inc","22,000.00","0.29%","Corporate Bond","18912UAA0","9.00%","09/30/2029","02/15/2026","B-/Caa1","$22,835.49"
"OMF","OneMain Finance Corp","22,000.00","0.29%","Corporate Bond","682691AJ9","6.75%","03/15/2032","03/15/2028","BB/Ba2","$22,546"
"ABEGET","Getty Images Inc","22,000.00","0.28%","Corporate Bond","374276AR4","10.50%","11/15/2030","11/15/2027","BB-/B1","$22,303.93"
"OMF","OneMain Finance Corp","23,000.00","0.27%","Corporate Bond","682691AA8","4.00%","09/15/2030","02/15/2026","BB/Ba2","$21,693.46"
"PFSI","PennyMac Financial Services Inc","22,000.00","0.27%","Corporate Bond","70932MAB3","4.25%","02/15/2029","02/15/2026","B+/Ba3","$21,592.32"
"CCO","Clear Channel Outdoor Holdings Inc","20,000.00","0.27%","Corporate Bond","18453HAH9","7.50%","03/15/2033","09/15/2028","B/B2","$21,291.18"
"FREMOR","Freedom Mortgage Holdings LLC","20,000.00","0.27%","Corporate Bond","35641AAC2","8.38%","04/01/2032","04/01/2028","B/B2","$21,248.20"
"WBD","Warnermedia Holdings Inc","29,000.00","0.27%","Corporate Bond","55903VBW2","5.05%","03/15/2042","09/15/2041","BB/Ba2","$21,097.50"
"CCO","Clear Channel Outdoor Holdings Inc","20,000.00","0.27%","Corporate Bond","18453HAG1","7.13%","02/15/2031","08/15/2027","B/B2","$20,923.60"
"RPLDCI","Beignet Investor LLC","20,000.00","0.26%","Corporate Bond","076912AA2","6.58%","05/30/2049","--","A+/NR","$21,040.76"
"GEL","Genesis Energy LP / Genesis Energy Finance Corp","20,000.00","0.26%","Corporate Bond","37185LAQ5","7.88%","05/15/2032","05/15/2027","B/B3","$20,806.20"
"NOVHOL","Clydesdale Acquisition Holdings Inc","20,000.00","0.26%","Corporate Bond","18972EAB1","8.75%","04/15/2030","02/15/2026","B-/Caa1","$20,293.29"
"DVA","DaVita Inc","20,000.00","0.26%","Corporate Bond","23918KAY4","6.75%","07/15/2033","07/15/2028","BB-/Ba3","$20,694.86"
"ALSN","Allison Transmission Inc","20,000.00","0.26%","Corporate Bond","019736AH0","5.88%","12/01/2033","12/01/2028","NA/Ba2","$20,379.60"
"NOVHOL","Clydesdale Acquisition Holdings Inc","19,000.00","0.25%","Corporate Bond","18972EAD7","6.75%","04/15/2032","04/15/2028","B+/B2","$19,456.59"
"NWL","Newell Brands Inc","19,000.00","0.24%","Corporate Bond","651229BD7","6.63%","09/15/2029","06/15/2029","B+/B2","$19,116.70"
"ACHC","Acadia Healthcare Co Inc","20,000.00","0.24%","Corporate Bond","00404AAQ2","7.38%","03/15/2033","03/15/2028","B+/B1","$18,999.16"
"DVA","DaVita Inc","18,000.00","0.24%","Corporate Bond","23918KAW8","6.88%","09/01/2032","09/01/2027","BB-/Ba3","$18,672.17"
"PEMEX","Petroleos Mexicanos","20,000.00","0.24%","Corporate Bond","706451BG5","6.63%","06/15/2035","--","BBB/B1","$18,965.97"
"VEGLPL","Venture Global Plaquemines LNG LLC","18,000.00","0.23%","Corporate Bond","922966AE6","6.13%","12/15/2030","09/15/2030","BB+/Ba2","$18,520.56"
"LAD","Lithia Motors Inc","18,000.00","0.23%","Corporate Bond","536797AJ2","5.50%","10/01/2030","10/01/2027","BB+/Ba2","$18,101.62"
"NAVI","Navient Corp","15,000.00","0.21%","Corporate Bond","63938CAN8","9.38%","07/25/2030","10/25/2029","BB-/Ba3","$16,586.69"
"UVN","Univision Communications Inc","15,000.00","0.21%","Corporate Bond","914906BA9","9.38%","08/01/2032","08/01/2028","B+/B2","$16,179.65"
"ADVGRO","Osaic Holdings Inc","16,000.00","0.21%","Corporate Bond","00791GAD9","6.75%","08/01/2032","08/01/2028","NR/NR","$16,624.99"
"RBACN","RB Global Holdings Inc","15,000.00","0.20%","Corporate Bond","76774LAC1","7.75%","03/15/2031","03/15/2026","BB-/Ba2","$15,675.44"
"CRWV","CoreWeave Inc","13,000.00","0.19%","Convertible Bond","21873SAD0","1.75%","12/01/2031","--","B/NA","$15,532.89"
"LVLT","Level 3 Financing Inc","15,000.00","0.19%","Corporate Bond","527298CQ4","8.50%","01/15/2036","01/15/2031","B-/Caa1","$15,355.85"
"THC","Tenet Healthcare Corp","15,000.00","0.19%","Corporate Bond","88033GDW7","5.50%","11/15/2032","11/15/2028","BB/Ba3","$15,187.74"
"CYH","CHS/Community Health Systems Inc","16,000.00","0.19%","Corporate Bond","12543DBM1","5.25%","05/15/2030","02/15/2026","B-/Caa1","$15,143.78"
"VEGLPL","Venture Global Plaquemines LNG LLC","13,000.00","0.17%","Corporate Bond","922966AC0","6.50%","01/15/2034","07/15/2033","BB+/Ba2","$13,434.06"
"BHCCN","Bausch Health Cos Inc","12,000.00","0.16%","Corporate Bond","071734AQ0","11.00%","09/30/2028","--","B-/Caa1","$12,485.12"
"SUN","Sunoco LP","12,000.00","0.16%","Floating Rate Note","86765KAE9","7.88%","12/31/2099","09/18/2030","B+/Ba3","$12,355.50"
"GTN","Gray Media Inc","12,000.00","0.15%","Corporate Bond","389375AN6","9.63%","07/15/2032","07/15/2028","CCC/B3","$12,442.74"
"CRWV","CoreWeave Inc","12,000.00","0.15%","Corporate Bond","21873SAC2","9.00%","02/01/2031","02/01/2028","B/B1","$11,372.63"
"WBD","Warnermedia Holdings Inc","13,000.00","0.15%","Corporate Bond","55903VBQ5","4.28%","03/15/2032","12/15/2031","BB/Ba2","$11,505.61"
"PHOAVI","Phoenix Aviation Capital Ltd","11,000.00","0.14%","Corporate Bond","71910DAA9","9.25%","07/15/2030","07/15/2027","NR/B2","$11,620.55"
"EUR","CASH & EQUIVALENTS","9,514.58","0.14%","Currency","CASHEUR08","0.00%","--","--","NR/NR","$11,032.16"
"DTV","Directv Financing LLC","10,000.00","0.13%","Corporate Bond","254945AA6","8.88%","02/01/2030","02/15/2026","B+/B1","$10,197.87"
"OMF","OneMain Finance Corp","10,000.00","0.13%","Corporate Bond","682691AH3","6.63%","05/15/2029","11/15/2028","BB/Ba2","$10,354.96"
"CE","Celanese US Holdings LLC","9,000.00","0.12%","Corporate Bond","15089QBD5","7.38%","02/15/2034","02/15/2029","BB/Ba2","$9,233.24"
"DTV","Directv Financing LLC / Directv Financing Co-Obligor Inc","9,000.00","0.12%","Corporate Bond","25461LAA0","5.88%","08/15/2027","02/15/2026","B+/B1","$9,049.96"
"FMC","FMC Corp","10,000.00","0.11%","Corporate Bond","302491AU9","3.45%","10/01/2029","07/01/2029","BB+/Baa3","$8,963.92"
"SBGI","Sinclair Television Group Inc","8,000.00","0.11%","Corporate Bond","829259BH2","8.13%","02/15/2033","02/15/2028","B+/B2","$8,325.68"
"PHIN","Phinia Inc","8,000.00","0.11%","Corporate Bond","71880KAA9","6.75%","04/15/2029","04/15/2026","BB+/Baa3","$8,317.91"
"LUMN","Lumen Technologies Inc","8,000.00","0.10%","Corporate Bond","550241AK9","10.00%","10/15/2032","01/26/2026","B+/Caa1","$8,037.84"
"CRWV","CoreWeave Inc","8,000.00","0.10%","Corporate Bond","21873SAB4","9.25%","06/01/2030","06/01/2027","B/B1","$7,747.72"
"MPW","MPT Operating Partnership LP / MPT Finance Corp","7,000.00","0.10%","Corporate Bond","55342UAQ7","8.50%","02/15/2032","02/15/2028","B-/B2","$7,496.66"
"AMCX","AMC Networks Inc","7,000.00","0.09%","Corporate Bond","00164VAK9","10.50%","07/15/2032","07/15/2028","BB-/B2","$7,600.56"
"POWSOL","Clarios Global LP / Clarios US Finance Co","7,000.00","0.09%","Corporate Bond","18060TAE5","6.75%","09/15/2032","09/15/2028","B/Caa1","$7,289.52"
"CLF","Cleveland-Cliffs Inc","7,000.00","0.09%","Corporate Bond","185899AQ4","6.88%","11/01/2029","11/01/2026","BB-/Ba3","$7,285.44"
"WBD","Warnermedia Holdings Inc","10,000.00","0.09%","Corporate Bond","55903VBU6","5.14%","03/15/2052","09/15/2051","BB/Ba2","$6,775.50"
"UNIT","Uniti Group LP / Uniti Group Finance 2019 Inc / CSL Capital LLC","6,000.00","0.08%","Corporate Bond","91327TAC5","8.63%","06/15/2032","06/15/2028","CCC/Caa2","$6,106.37"
"TECOAR","Telecom Argentina SA","6,000.00","0.07%","Corporate Bond","879273AW0","8.50%","01/20/2036","01/20/2031","NR/B2","$5,965.50"
"CHTR","CCO Holdings LLC / CCO Holdings Capital Corp","6,000.00","0.07%","Corporate Bond","1248EPCB7","5.38%","06/01/2029","02/15/2026","BB-/B1","$5,911.70"
"DTV","Directv Financing LLC / Directv Financing Co-Obligor Inc","5,000.00","0.07%","Corporate Bond","25461LAD4","10.00%","02/15/2031","02/15/2027","B+/B1","$5,161.66"
"SUN","Sunoco LP","5,000.00","0.06%","Corporate Bond","86765KAF6","5.63%","03/15/2031","09/15/2027","BB+/Ba1","$5,047.18"
"THC","Tenet Healthcare Corp","3,000.00","0.04%","Corporate Bond","88033GDV9","6.00%","11/15/2033","11/15/2028","B/B2","$3,091.89"
"GBP","CASH & EQUIVALENTS","1,038.55","0.02%","Currency","CASHGBP00","0.00%","--","--","NR/NR","$1,389.63"
"SGUSLL","SGUS LLC","9,650.00","0.01%","Corporate Bond","81880AAA0","11.00%","12/31/2049","06/30/2026","NR/WR","$965"
"SAGLEN","Saks Global Enterprises LLC","22,350.00","0.00%","Corporate Bond","79380MAB1","11.00%","12/31/2049","12/15/2026","NA/WR","$223.50"
"--","--","1.00","0.00%","Uninvestible Cash","BNYMLEND","--","--","--","NR/NR","$0.01"
"--","--","-101,731.45","-1.26%","Currency Forward","--","0.00%","01/28/2026","--","NR/NR","-$101,731.45"
"--","--","-90,000.00","-1.30%","Currency Forward","--","0.00%","01/28/2026","--","NR/NR","-$104,415.66"
"--","--","-100,000.00","-1.44%","Currency Forward","--","0.00%","01/28/2026","--","NR/NR","-$116,017.40"
"--","--","-269,000.00","-3.88%","Currency Forward","--","0.00%","01/28/2026","--","NR/NR","-$312,086.81"

# as of 2026-01-16